Keyword Text,Competition,Competition Index,Search Volume,Low Top Page Bid,High Top Page Bid
wedding photographers nearby,MEDIUM,59,110000,0.31,3.00
photographer for wedding,LOW,21,49500,1.64,5.48
photographer at wedding,LOW,21,49500,1.64,5.48
photographer in wedding,LOW,21,49500,1.64,5.48
wedding photoshoot,MEDIUM,45,22200,0.34,2.00
wedding photos,MEDIUM,45,22200,0.34,2.00
photoshoot in wedding,MEDIUM,45,22200,0.34,2.00
photo wedding photo,MEDIUM,45,22200,0.34,2.00
photos at wedding,MEDIUM,45,22200,0.34,2.00
wedding photo photo,MEDIUM,45,22200,0.34,2.00
wedding photography,LOW,27,18100,1.21,4.62
wedding photographers near me,MEDIUM,55,18100,1.74,6.00
photographers near me wedding,MEDIUM,55,18100,1.74,6.00
wedding pictures,HIGH,68,18100,0.41,2.37
photographers wedding near me,MEDIUM,55,18100,1.74,6.00
wedding photoshoot near me,MEDIUM,55,18100,1.74,6.00
wedding pic,HIGH,68,18100,0.41,2.37
wedding photographers in near me,MEDIUM,55,18100,1.74,6.00
wedding wedding photography,LOW,27,18100,1.21,4.62
pictures from wedding,HIGH,68,18100,0.41,2.37
photo wedding photos,LOW,27,18100,1.21,4.62
weddingwire photography,LOW,27,18100,1.21,4.62
photography and videography services,LOW,29,14800,2.16,11.92
photographer for engagement,LOW,24,12100,1.32,4.21
photographers for engagement,LOW,24,12100,1.32,4.21
wedding photography ideas,HIGH,97,6600,0.37,2.09
wedding packages for photographers,LOW,4,6600,1.08,2.86
wedding photographer cost,MEDIUM,36,5400,1.01,2.86
wedding photography packages,LOW,16,5400,1.18,3.16
wedding videographers near me,LOW,22,5400,1.65,5.13
wedding photographer price,MEDIUM,36,5400,1.01,2.86
videographer near me wedding,LOW,22,5400,1.65,5.13
wedding photoshoot package,LOW,16,5400,1.18,3.16
wedding video near me,LOW,22,5400,1.65,5.13
marriage photography package,LOW,16,5400,1.18,3.16
photography for wedding package,LOW,16,5400,1.18,3.16
wedding picture packages,LOW,16,5400,1.18,3.16
videographer wedding packages,LOW,4,4400,1.02,3.45
wedding and video packages,LOW,4,4400,1.02,3.45
love and photo,MEDIUM,42,4400,0.26,3.05
best wedding photographers,LOW,28,3600,0.94,4.03
wedding photography and videography packages,MEDIUM,55,3600,2.27,7.50
top wedding photographers,LOW,28,3600,0.94,4.03
photography and videography wedding package,MEDIUM,55,3600,2.27,7.50
videography and photography wedding packages,MEDIUM,55,3600,2.27,7.50
wedding photography videography package,MEDIUM,55,3600,2.27,7.50
wedding video and photography packages,MEDIUM,55,3600,2.27,7.50
good wedding photographers,LOW,28,3600,0.94,4.03
best marriage photographer,LOW,28,3600,0.94,4.03
lovers films,LOW,0,3600,0.07,0.55
engagement photographers near me,MEDIUM,56,2900,1.22,3.89
marriage photoshoot,LOW,16,2900,0.80,3.16
engagement photoshoot near me,MEDIUM,56,2900,1.22,3.89
candid videography,LOW,0,2900,0.33,3.84
wedding pi,LOW,30,2900,0.19,1.56
photos of marriage,LOW,16,2900,0.80,3.16
wedding imagery,HIGH,68,2900,0.42,2.71
images of a wedding,HIGH,68,2900,0.42,2.71
wedding photography near me,LOW,28,2400,1.62,6.19
photographer for engagement photos,LOW,6,2400,1.24,4.28
photography near me wedding,LOW,28,2400,1.62,6.19
photography wedding near me,LOW,28,2400,1.62,6.19
destination wedding photographers,LOW,12,2400,1.04,3.71
studio photographers,MEDIUM,41,2400,0.79,2.98
wedding videography price,LOW,28,2400,1.03,3.04
engagement picture photographers,LOW,6,2400,1.24,4.28
near me wedding photography,LOW,28,2400,1.62,6.19
wedding family photoshoot,LOW,14,2400,1.15,2.68
wedding posing,LOW,3,2400,0.27,1.64
pre wedding photoshoot,LOW,9,1900,1.41,3.08
pre wedding photo,LOW,9,1900,1.41,3.08
wedding photography services,LOW,7,1900,0.26,1.33
wedding photo services,LOW,7,1900,0.26,1.33
wedding pre wedding photography,LOW,9,1900,1.41,3.08
photoshoot prewedding,LOW,9,1900,1.41,3.08
cheap wedding photographers,MEDIUM,62,1600,2.22,6.52
marriage photography price,MEDIUM,36,1600,0.85,2.68
wedding photographer portfolio,LOW,1,1600,0.94,2.98
wedding photo price,MEDIUM,36,1600,0.85,2.68
studio wedding,LOW,16,1600,0.94,3.91
wedding photoshoot style,LOW,10,1600,0.95,3.25
portfolio wedding photographer,LOW,1,1600,0.94,2.98
wedding pictures style,LOW,10,1600,0.95,3.25
photography wedding styles,LOW,10,1600,0.95,3.25
wedding pictures price,MEDIUM,36,1600,0.85,2.68
marriage photoshoot style,LOW,10,1600,0.95,3.25
wedding studios,LOW,16,1600,0.94,3.91
posing for wedding pictures,LOW,7,1600,0.23,1.37
wedding photographer and videographer,MEDIUM,64,1300,2.45,8.48
pre wedding,LOW,1,1300,0.32,1.42
wedding photography tips,LOW,8,1300,0.14,1.09
wedding photographer and video,MEDIUM,64,1300,2.45,8.48
quincea√±era photographer,LOW,11,1300,1.12,3.46
wedding photography tips for photographers,LOW,8,1300,0.14,1.09
pre wedding shoot,LOW,11,1000,0.58,2.69
professional wedding photographer,LOW,21,1000,1.35,4.18
wedding portraits,HIGH,100,1000,1.36,5.01
professional photographer for wedding,LOW,21,1000,1.35,4.18
professional engagement photographers,LOW,3,1000,1.02,3.16
wedding pre wedding shoot,LOW,11,1000,0.58,2.69
photography and videographer,MEDIUM,39,1000,2.20,7.04
pre marriage shoot,LOW,11,1000,0.58,2.69
wedding photography and videography,MEDIUM,61,880,1.79,5.86
best wedding photographers near me,LOW,16,880,1.36,4.82
photography packages,HIGH,80,880,0.32,1.36
photography and videography for wedding,MEDIUM,61,880,1.79,5.86
wedding photography videography,MEDIUM,61,880,1.79,5.86
photo and videographer,LOW,22,880,0.66,3.98
professional wedding photos,LOW,20,880,1.58,3.60
engagement photoshoot price,LOW,23,880,0.94,2.50
videography and photography for wedding,MEDIUM,61,880,1.79,5.86
video photography wedding,MEDIUM,61,880,1.79,5.86
professional wedding pictures,LOW,20,880,1.58,3.60
wedding photo & video,MEDIUM,61,880,1.79,5.86
fashion wedding photographer,LOW,0,880,0.97,7.80
engagement shoot photographer,LOW,4,880,1.31,3.50
wedding photography video,MEDIUM,61,880,1.79,5.86
the wedding films,LOW,0,880,0.07,0.69
fun wedding photo,LOW,4,880,0.39,1.17
capture moments,LOW,1,880,0.28,3.57
posing wedding photos,LOW,6,880,0.29,1.74
photographer and videographer,MEDIUM,64,720,2.24,7.50
candid wedding photography,LOW,7,720,0.36,2.26
video and photographer,MEDIUM,46,720,2.00,7.59
best wedding photos,MEDIUM,39,720,0.30,1.42
videographer & photographer,MEDIUM,64,720,2.24,7.50
top wedding photography,MEDIUM,39,720,0.30,1.42
wedding photojournalism,LOW,4,720,1.34,3.97
best photography for marriage,MEDIUM,39,720,0.30,1.42
best wedding photoshoot,MEDIUM,39,720,0.30,1.42
good wedding photography,MEDIUM,39,720,0.30,1.42
marriage videography,LOW,1,720,0.21,0.71
awesome wedding photos,LOW,17,720,0.26,0.67
videography for marriage,LOW,1,720,0.21,0.71
engagement photography package,LOW,2,720,1.11,3.22
cheap wedding photographers near me,MEDIUM,66,590,2.32,7.56
photographer and videographer near me,HIGH,76,590,2.24,7.80
wedding photo studio,LOW,30,590,1.38,3.92
wedding studio photoshoot,LOW,30,590,1.38,3.92
wedding film photography,MEDIUM,37,590,1.18,3.63
photographer videographer wedding,HIGH,79,590,2.51,8.28
beautiful wedding pictures,MEDIUM,36,590,0.94,2.39
film wedding photographer,LOW,17,590,1.13,3.00
us wedding photographer,MEDIUM,54,590,0.26,0.76
videographer and photographer for wedding,HIGH,79,590,2.51,8.28
wedding photoshoot studio,LOW,30,590,1.38,3.92
wedding photographer & videographer,HIGH,79,590,2.51,8.28
photo studio wedding,LOW,30,590,1.38,3.92
candid wedding photos,LOW,9,590,0.50,4.00
wedding photography with drone,MEDIUM,65,590,0.83,3.19
beautiful wedding photos,MEDIUM,36,590,0.94,2.39
marriage photo studio,LOW,30,590,1.38,3.92
photoshoot wedding studio,LOW,30,590,1.38,3.92
videographer photographer wedding,HIGH,79,590,2.51,8.28
studio wedding photos,LOW,30,590,1.38,3.92
studio photo wedding,LOW,30,590,1.38,3.92
wedding photo in studio,LOW,30,590,1.38,3.92
beautiful wedding photography,MEDIUM,36,590,0.94,2.39
candid photoshoot wedding,LOW,9,590,0.50,4.00
marriage candid photos,LOW,9,590,0.50,4.00
candid photos for wedding,LOW,9,590,0.50,4.00
big photography,MEDIUM,52,590,0.82,4.57
candid wedding pictures,LOW,9,590,0.50,4.00
candid wedding photoshoot,LOW,9,590,0.50,4.00
wedding studio photos,LOW,30,590,1.38,3.92
beautiful wedding images,MEDIUM,36,590,0.94,2.39
wedding photo and video package,MEDIUM,56,480,2.19,8.14
wedding photo and video,MEDIUM,57,480,2.64,7.85
maine photographers,MEDIUM,46,480,1.32,4.76
wedding photo video packages,MEDIUM,56,480,2.19,8.14
photo and video package wedding,MEDIUM,56,480,2.19,8.14
wedding photo and videographer,MEDIUM,57,480,2.64,7.85
photographer price wedding,MEDIUM,39,480,1.09,2.88
wedding photography how to,LOW,17,480,0.11,1.18
wedding package photo and video,MEDIUM,56,480,2.19,8.14
photo wedding video,MEDIUM,57,480,2.64,7.85
wedding photography schedule,HIGH,92,480,1.23,6.11
photography and videography near me,HIGH,75,390,2.24,6.51
wedding photography course,LOW,21,390,1.20,3.64
wedding shoot,LOW,5,390,0.35,2.25
wedding photographer videographer near me,HIGH,74,390,2.77,8.00
videography packages,LOW,10,390,1.35,7.76
wedding photography company,LOW,16,390,0.18,6.13
fine art wedding photography,LOW,18,390,1.26,3.00
photography pricing packages,HIGH,67,390,0.86,2.22
unique wedding photos,MEDIUM,61,390,0.65,2.13
unique wedding photography,MEDIUM,61,390,0.65,2.13
photographer in us,LOW,7,390,0.45,3.15
capture the moment photography,LOW,7,390,0.19,2.54
traditional wedding photography,LOW,4,390,0.89,3.12
wedding photography work,LOW,3,390,0.08,2.27
wedding cinematic photography,LOW,27,390,1.33,3.59
unique wedding photoshoot,MEDIUM,61,390,0.65,2.13
interesting wedding photos,MEDIUM,61,390,0.65,2.13
unique wedding pics,MEDIUM,61,390,0.65,2.13
unique wedding pictures,MEDIUM,61,390,0.65,2.13
wedding photos unique,MEDIUM,61,390,0.65,2.13
traditional wedding photoshoot,LOW,4,390,0.89,3.12
wedding ceremony picture,LOW,27,390,0.98,2.48
photographer videographer,MEDIUM,47,320,2.55,8.71
wedding photographer and videographer packages,LOW,18,320,2.57,7.50
wedding video and photography,HIGH,78,320,2.34,8.58
wedding photography studio,LOW,10,320,1.20,3.25
photography videography wedding,HIGH,78,320,2.34,8.58
wedding studio photography,LOW,10,320,1.20,3.25
photographer videographer wedding package,LOW,18,320,2.57,7.50
photo studio for wedding,LOW,10,320,1.20,3.25
wedding photography pricing packages,MEDIUM,55,320,0.97,2.76
wedding and portrait photographer,LOW,1,320,1.25,3.08
wedding day pictures,MEDIUM,52,320,1.35,3.24
wedding day photos,MEDIUM,52,320,1.35,3.24
photography studio wedding,LOW,10,320,1.20,3.25
booking a wedding photographer,LOW,12,320,1.75,6.63
wedding photography in studio,LOW,10,320,1.20,3.25
wedding ceremony photos,LOW,15,320,1.75,4.18
creative wedding photos,LOW,29,320,0.09,1.38
studio photography for wedding,LOW,10,320,1.20,3.25
studio photography wedding,LOW,10,320,1.20,3.25
wedding portrait photographer,LOW,1,320,1.25,3.08
place to take wedding pictures near me,LOW,9,320,1.23,3.00
portrait and wedding photographer,LOW,1,320,1.25,3.08
wedding ceremony photoshoot,LOW,15,320,1.75,4.18
wedding day photoshoot,MEDIUM,52,320,1.35,3.24
creative wedding photoshoot,LOW,29,320,0.09,1.38
engagement photo studio,LOW,17,320,1.02,2.65
styled photoshoot,LOW,27,320,0.75,2.52
creative wedding pictures,LOW,29,320,0.09,1.38
wedding day pics,MEDIUM,52,320,1.35,3.24
fun wedding pictures,LOW,5,320,,
precious pictures,LOW,2,320,,
wedding moments,LOW,2,320,0.33,1.08
wedding proposal photography,LOW,27,320,1.42,3.49
fun wedding images,LOW,5,320,,
wedding photo shoot,LOW,25,260,1.09,3.48
wedding ceremony photographer,MEDIUM,53,260,1.96,6.00
wedding photographer services,LOW,5,260,2.04,2.97
wedding memories,HIGH,100,260,0.52,2.98
best engagement photographers,LOW,20,260,1.01,3.04
destination wedding photographer and videographer,HIGH,79,260,0.16,0.79
marriage shoot,LOW,0,260,,
the wedding pictures,LOW,18,260,1.07,2.54
love photo and video,LOW,3,260,3.41,9.12
wedding photographers and videographers near me,HIGH,68,210,2.27,7.89
wedding photographer videographer,HIGH,72,210,2.40,6.99
wedding photo packages,MEDIUM,51,210,0.26,2.75
wedding photography packages near me,HIGH,73,210,2.18,4.25
top wedding photographers near me,LOW,6,210,1.46,4.92
professional wedding photographer near me,LOW,2,210,1.74,6.26
film photographers near me,MEDIUM,41,210,0.87,2.09
artistic wedding photography,LOW,17,210,1.26,3.60
wedding photography portfolio,LOW,6,210,1.52,3.74
video photographer for wedding,HIGH,72,210,2.40,6.99
bridal photographer,LOW,11,210,1.49,4.00
wedding portrait photography,MEDIUM,51,210,1.25,3.30
photography wedding packages near me,HIGH,73,210,2.18,4.25
wedding cinema,LOW,1,210,0.31,0.96
wedding photo portfolio,LOW,6,210,1.52,3.74
video wedding photographer,HIGH,72,210,2.40,6.99
wedding photography sites,MEDIUM,52,210,1.52,14.03
art wedding photography,LOW,17,210,1.26,3.60
the talented photographer,LOW,32,210,1.64,5.59
engagement photography price,LOW,23,210,0.99,2.50
bridal party photography,LOW,7,210,0.97,2.35
videography & photography,LOW,12,210,0.34,3.69
wedding photographer website,MEDIUM,43,170,1.47,8.85
pre wedding photography,LOW,20,170,1.90,4.76
video photography near me,HIGH,72,170,2.15,6.21
wedding photo and video near me,LOW,14,170,2.69,6.59
fine art wedding photographer,LOW,9,170,1.44,4.34
pre wedding shoot locations,LOW,2,170,0.78,2.48
engagement and wedding photographer,MEDIUM,52,170,1.13,4.57
best wedding pictures,MEDIUM,34,170,1.25,2.27
wedding engagement photographer,MEDIUM,52,170,1.13,4.57
pre wedding photoshoot photographers,LOW,1,170,,
pre wedding videography,LOW,18,170,0.34,1.50
engagement wedding photographers,MEDIUM,52,170,1.13,4.57
pre wedding photoshoot locations,LOW,2,170,0.78,2.48
wedding photo websites,MEDIUM,67,170,1.87,7.15
wedding photographer site,MEDIUM,43,170,1.47,8.85
studio wedding portraits,LOW,32,170,1.21,3.25
mumbai photoshoot,LOW,6,170,,
wedding and engagement photographer,MEDIUM,52,170,1.13,4.57
pre shoot,LOW,0,170,,
best photoshoot for wedding,MEDIUM,34,170,1.25,2.27
photography schedule,LOW,30,170,2.35,9.01
wedding photo sites,MEDIUM,67,170,1.87,7.15
good wedding photos,MEDIUM,34,170,1.25,2.27
wedding portrait studio,LOW,32,170,1.21,3.25
wedding pre shoot locations,LOW,2,170,0.78,2.48
best wedding pics,MEDIUM,34,170,1.25,2.27
visuals photography,LOW,3,170,,
ig photo video,LOW,2,170,,
videography photography services,LOW,21,170,2.09,7.41
wedding photography lights,MEDIUM,57,170,0.50,2.62
wedding photographer and videographer packages near me,MEDIUM,61,140,1.70,7.50
wedding portfolio,LOW,26,140,1.28,5.93
best wedding photographers in the world,LOW,10,140,1.36,2.68
finding a wedding photographer,MEDIUM,35,140,2.27,7.60
wedding photographer search,MEDIUM,35,140,2.27,7.60
kentucky photographers,LOW,22,140,0.76,2.88
captured photography,LOW,5,140,1.39,6.65
artistic wedding photographers,LOW,7,140,1.46,3.20
world's best wedding photos,LOW,10,140,1.36,2.68
photography is unique,LOW,3,140,,
kentucky photographer,LOW,22,140,0.76,2.88
creative studio photography,LOW,12,140,0.52,2.80
wedding photography art,LOW,7,140,1.46,3.20
artistic wedding photos,LOW,7,140,1.46,3.20
candid studios photography & videography,LOW,10,140,1.57,6.26
my pic photography,LOW,3,140,1.19,2.44
day photography,LOW,7,140,0.44,3.03
story photography,LOW,1,140,,
photography and videography packages,MEDIUM,61,110,2.36,6.39
wedding photography and videography near me,HIGH,74,110,2.36,9.79
candid photographers near me,MEDIUM,49,110,1.19,2.84
marriage photography,LOW,24,110,1.88,5.22
wedding studio near me,MEDIUM,45,110,1.35,3.31
wedding ceremony photography,MEDIUM,43,110,1.07,3.49
high end wedding photographer,MEDIUM,44,110,1.47,2.45
pre wedding shoot photographer,LOW,2,110,2.62,6.40
film photographer near me,MEDIUM,44,110,0.95,2.82
photographer for pre wedding shoot,LOW,2,110,2.62,6.40
videography photography packages,MEDIUM,61,110,2.36,6.39
photo and videography near me,MEDIUM,41,110,1.85,6.94
wedding pictures near me,MEDIUM,43,110,1.50,3.81
photography and video packages,MEDIUM,61,110,2.36,6.39
unique wedding photographers,HIGH,80,110,0.27,2.14
pre wedding pictures,LOW,23,110,,
non traditional wedding photography,LOW,8,110,0.40,3.53
shooting weddings,LOW,3,110,0.70,2.48
wedding photography pictures,LOW,14,110,1.05,4.83
wedding photography pics,LOW,14,110,1.05,4.83
wedding photography images,LOW,14,110,1.05,4.83
creative pre wedding photoshoot,LOW,5,110,,
wedding portrait photos,HIGH,88,110,1.34,5.28
wedding styled shoot,LOW,6,110,1.12,4.00
wedding portrait pictures,HIGH,88,110,1.34,5.28
portrait wedding photos,HIGH,88,110,1.34,5.28
images of wedding photos,LOW,14,110,1.05,4.83
studio based photography,MEDIUM,34,110,0.61,4.22
photos before wedding ceremony,LOW,5,110,,
blessings photography,LOW,3,110,,
wedding portrait images,HIGH,88,110,1.34,5.28
prewed video,LOW,0,110,,
natural wedding photography,LOW,9,90,1.67,5.86
photographers in mumbai,LOW,8,90,0.73,19.18
wedding photographers in my area,LOW,23,90,1.97,5.05
wedding photographer course,LOW,9,90,1.83,3.76
become a wedding photographer,LOW,26,90,0.77,5.93
wedding photography studio near me,MEDIUM,36,90,1.37,6.63
photographer for marriage,HIGH,69,90,1.67,5.48
wedding photoshoot locations near me,LOW,30,90,1.19,2.69
creative wedding photography,LOW,8,90,0.65,5.03
wedding photog,LOW,11,90,1.97,6.56
film style wedding photography,LOW,32,90,1.42,4.00
engagement photo photographer near me,MEDIUM,55,90,1.59,4.69
photography and videography company,MEDIUM,59,90,2.92,10.60
wedding event photography,LOW,21,90,1.89,5.83
wedding photography style,LOW,6,90,1.33,3.34
best wedding photographers in the us,LOW,17,90,0.45,3.27
being a wedding photographer,LOW,26,90,0.77,5.93
wedding and event photography,LOW,21,90,1.89,5.83
photographer marriage,HIGH,69,90,1.67,5.48
professional photography wedding,MEDIUM,35,90,,
picture this wedding photography,LOW,28,90,1.23,5.89
wedding & event photography,LOW,21,90,1.89,5.83
best wedding photos ever,LOW,1,90,0.08,0.54
film wedding photos,LOW,5,90,,
moments videography,LOW,1,90,,
wedding shower photographer,MEDIUM,53,90,1.81,4.79
best wedding photos of all time,LOW,1,90,0.08,0.54
naming photography packages,LOW,3,90,,
best place to take wedding photos near me,LOW,4,90,,
photo one studio,LOW,7,90,1.51,4.10
photographer and videographer packages near me,MEDIUM,61,70,2.29,6.49
wedding photography website,LOW,30,70,1.66,9.88
videographer and photographer package,HIGH,83,70,2.59,7.70
pre wedding photoshoot near me,MEDIUM,64,70,1.30,3.13
photographer and videographer package,HIGH,83,70,2.59,7.70
pre wedding photoshoot package,LOW,20,70,1.07,2.68
photo and video wedding package near me,HIGH,85,70,2.34,8.78
cheap wedding photography packages,HIGH,81,70,1.74,9.45
pre wedding shoot packages,LOW,20,70,1.07,2.68
top rated wedding photographers near me,MEDIUM,56,70,1.40,5.22
basic wedding photography packages,LOW,17,70,1.21,1.98
wedding photography tips for beginners,LOW,24,70,0.02,0.19
wedding photoshoot locations,LOW,10,70,0.54,2.72
wedding photography cheap packages,HIGH,81,70,1.74,9.45
wedding and engagement photography packages,HIGH,73,70,1.30,4.68
engagement and wedding photography packages,HIGH,73,70,1.30,4.68
pre wedding photography packages,LOW,20,70,1.07,2.68
engagement photo photographers near me,MEDIUM,46,70,1.40,3.11
photographer videographer package,HIGH,83,70,2.59,7.70
order of photography for wedding,HIGH,76,70,0.19,4.81
top wedding photographers in mumbai,LOW,0,70,,
pre wedding photo package,LOW,20,70,1.07,2.68
portfolio studio,MEDIUM,35,70,0.42,6.53
top rated wedding photographers,LOW,27,70,0.97,5.30
wedding photography and film packages,HIGH,86,70,,
amazing wedding photography,LOW,14,70,,
instagram wedding photographers,LOW,7,70,1.29,2.85
all digital photo and video,LOW,1,70,,
wedding photography content,UNSPECIFIED,0,70,,
modern wedding photoshoot,LOW,9,70,0.61,1.37
top wedding photos,LOW,27,70,0.97,5.30
take wedding photos,LOW,29,70,0.92,3.26
amazing wedding photos,LOW,14,70,,
wedding photography and videography company,LOW,4,70,,
candid wedding videography,LOW,10,70,0.39,2.68
place for wedding photoshoot,LOW,17,70,0.93,2.64
wedding photos after wedding,LOW,15,70,,
modern wedding photos,LOW,9,70,0.61,1.37
after wedding pictures,LOW,15,70,,
after wedding photoshoot,LOW,15,70,,
creative wedding photography ideas,MEDIUM,36,70,,
after wedding photography,LOW,15,70,,
wedding pictures to take,LOW,29,70,0.92,3.26
wedding photography location,LOW,17,70,0.93,2.64
wedding photos order,HIGH,76,70,0.19,4.81
wedding photo location,LOW,10,70,0.54,2.72
wedding day photography schedule,HIGH,94,70,0.13,2.39
wedding engagement photography,LOW,16,70,,
real wedding pictures,LOW,8,70,1.02,2.48
wedding photographers in mumbai,LOW,24,50,,
wedding photo studio near me,MEDIUM,42,50,1.68,3.27
photo and videographer near me,HIGH,74,50,2.04,5.87
i need a photographer,MEDIUM,55,50,1.88,6.07
wedding cameraman,MEDIUM,60,50,0.97,7.42
female wedding photographer,MEDIUM,34,50,1.14,2.57
video shoot studio near me,HIGH,75,50,1.12,7.07
wedding day photography,LOW,22,50,,
wedding photographer needed,MEDIUM,51,50,1.27,6.31
the best wedding photographer,MEDIUM,54,50,0.87,4.91
candid photography near me,HIGH,74,50,1.35,3.79
top wedding photographers in the us,LOW,30,50,1.44,3.29
best pre wedding shoot,LOW,8,50,0.39,1.26
my wedding pictures,LOW,32,50,1.33,2.94
wedding photography photos,LOW,12,50,,
studio a photography,LOW,11,50,,
wedding photography team,LOW,4,50,,
wedding photographer images,LOW,0,50,,
wedding photographer pictures,LOW,0,50,,
wedding female photographer,MEDIUM,34,50,1.14,2.57
wedding photographer advertising,LOW,19,50,9.51,48.20
my photographer,LOW,8,50,,
photographing a wedding for the first time,LOW,12,50,0.11,0.81
photo styles for wedding,LOW,11,50,,
best place for wedding photoshoot,LOW,1,50,,
style and story photography,LOW,0,50,,
style and story,LOW,0,50,,
digital wedding photography,LOW,12,50,0.42,1.35
marriage wedding photoshoot,LOW,16,50,,
styled wedding photoshoot,LOW,11,50,,
photo style for marriage,LOW,11,50,,
pictures of wedding pictures,HIGH,83,50,0.12,0.37
my wedding pic,LOW,32,50,1.33,2.94
wedding marriage photoshoot,LOW,16,50,,
images of wedding pictures,HIGH,83,50,0.12,0.37
the wedding photos,LOW,2,50,,
wedding shoot videos,LOW,22,50,0.51,2.28
best place for wedding photos,LOW,1,50,,
best place to take wedding photos,LOW,7,50,,
pre wedding photoshoot price,LOW,20,40,,
weddingwire photographers,MEDIUM,63,40,1.57,5.79
wedding photo and video package near me,MEDIUM,61,40,2.11,7.45
photographer and videographer for wedding near me,MEDIUM,65,40,2.30,5.78
pre wedding studio,LOW,8,40,1.43,2.99
photography videography near me,HIGH,76,40,1.45,6.86
best videographer near me,MEDIUM,40,40,1.04,14.00
wedding photography and videography packages near me,HIGH,69,40,2.10,5.65
best wedding videographers near me,HIGH,72,40,1.19,5.85
fun wedding photographer,LOW,26,40,,
cheap engagement photographers near me,HIGH,94,40,1.72,6.39
pre wedding photoshoot studio,LOW,16,40,,
wedding photo video,MEDIUM,39,40,1.53,4.00
photo and video packages,HIGH,68,40,1.67,5.00
wedding photography proposal,HIGH,100,40,0.94,18.88
prewedding photographer,LOW,2,40,,
film wedding photography near me,HIGH,69,40,1.05,2.50
wedding pictures photographer,LOW,24,40,1.97,6.00
a wedding photographer,LOW,24,40,0.27,1.19
ceremony photography,LOW,29,40,,
modern wedding photographer,LOW,32,40,1.41,2.90
pre wedding photo studio,LOW,16,40,,
photo and videography package,HIGH,68,40,1.67,5.00
photographer testimonials,LOW,0,40,,
pre wedding photography price,LOW,20,40,,
fashion wedding photography,LOW,1,40,,
best wedding shoot,LOW,15,40,,
pre wedding in studio,LOW,8,40,1.43,2.99
recommended wedding photographers,LOW,6,40,,
pre wedding shoot photography,LOW,7,40,,
candid wedding,LOW,6,40,,
photography bridal,LOW,16,40,,
us wedding photography,LOW,5,40,0.58,1.55
pre wedding shoot photoshoot,LOW,7,40,,
pre shoot photography,LOW,7,40,0.15,2.77
experienced wedding photographer,LOW,0,40,,
natural wedding photos,LOW,1,40,,
pre photo shoot,LOW,7,40,0.15,2.77
